NO,PTN,KODE PRODI,NAMA PRODI,RATAAN,S.BAKU,MIN,MAX
1,UNIVERSITAS INDONESIA,3211015,PENDIDIKAN DOKTER,747.93,19.63,724.38,798.55
2,UNIVERSITAS AIRLANGGA,3811014,PENDIDIKAN DOKTER,726.94,21.29,702.54,808.01
3,UNIVERSITAS PADJADJARAN,3331013,PENDIDIKAN DOKTER,717.94,18.69,694.17,780.52
4,UNIVERSITAS GADJAH MADA,3611066,KEDOKTERAN,725.21,27.08,689.05,809.84
5,UNIVERSITAS INDONESIA,3211166,ILMU KOMPUTER,712.41,24.13,685.96,798.66
6,UNIVERSITAS DIPONEGORO,3551027,KEDOKTERAN,709.46,18.05,685.77,770.48
7,INSTITUT TEKNOLOGI BANDUNG,3321073,SEKOLAH TEK. ELEKTRO & INFORMATIKA (STEI),716.69,23.24,684.45,798.31
8,UNIVERSITAS BRAWIJAYA,3721085,PENDIDIKAN DOKTER,704.59,17.39,682.85,769.4
9,UNIVERSITAS INDONESIA,3211313,AKTUARIA,716.32,29.35,681.72,782.33
10,INSTITUT TEKNOLOGI BANDUNG,3321081,FAKULTAS TEKNOLOGI INDUSTRI (FTI) - KAMPUS GANESA,710.97,23.27,680.99,772.1
11,UNIVERSITAS SEBELAS MARET,3531015,KEDOKTERAN,701.21,16.17,680.23,762.85
12,INSTITUT TEKNOLOGI BANDUNG,3321096,FAKULTAS TEKNIK MESIN & DIRGANTARA (FTMD),710.29,24.81,676.94,785.42
13,UNIVERSITAS JENDERAL SOEDIRMAN,3511107,PENDIDIKAN DOKTER,688.84,11.19,675.34,721
14,UNIVERSITAS JEMBER,3711133,PENDIDIKAN DOKTER,688.27,12.98,674.73,735.02
15,UNIVERSITAS UDAYANA,6111014,PENDIDIKAN DOKTER,691.51,17.88,674.04,754.71
16,UNIVERSITAS GADJAH MADA,3611194,STATISTIKA,688.41,16.74,669.68,740.11
17,UNIVERSITAS GADJAH MADA,3611503,ILMU AKTUARIA,685.55,18.22,665.53,732.55
18,INSTITUT TEKNOLOGI BANDUNG,3321042,FAKULTAS TEKNIK SIPIL & LINGKUNGAN (FTSL) - KAMPUS GANESA,693.77,22.62,665.04,765.28
19,INSTITUT TEKNOLOGI BANDUNG,3321107,SEK. ARSITEKTUR. PERENC & PENGEMB KEBIJAKAN,693.39,22.45,664.66,750.92
20,INSTITUT TEKNOLOGI SEPULUH NOPEMBER,3821202,INFORMATIKA,686.33,20.38,663.89,757.62
21,UNIVERSITAS INDONESIA,3211232,ARSITEKTUR INTERIOR,681.69,13.46,663.43,716.9
22,UNIVERSITAS GADJAH MADA,3611492,TEKNOLOGI INFORMASI,685.93,19.02,663.34,749.7
23,UNIVERSITAS INDONESIA,3211182,TEKNIK INDUSTRI,690.3,19.63,663.3,734.8
24,UNIVERSITAS GADJAH MADA,3611372,TEKNIK KIMIA,690.04,22.55,662.78,775.68
25,UNIVERSITAS INDONESIA,3211127,TEKNIK METALURGI & MATERIAL,686.28,17.95,662.72,726.21
26,UNIVERSITAS GADJAH MADA,3611097,KEDOKTERAN GIGI,684.03,19.39,662.28,748.47
27,UNIVERSITAS GADJAH MADA,3611186,ILMU KOMPUTER,678.96,12.69,662.13,714.26
28,UNIVERSITAS INDONESIA,3211023,PENDIDIKAN DOKTER GIGI,683.56,21.14,661.58,741.96
29,UNIVERSITAS INDONESIA,3211093,TEKNIK SIPIL,687.76,21.64,661.36,759.18
30,UNIVERSITAS INDONESIA,3211224,SISTEM INFORMASI,686.5,17.69,661.04,733.93
31,UNIVERSITAS SRIWIJAYA,1711067,PENDIDIKAN DOKTER,676.76,13.28,660.96,764.86
32,"UPN ""VETERAN"" JAKARTA",3241061,KEDOKTERAN,678.13,16.14,660.69,737.54
33,UNIVERSITAS INDONESIA,3211031,MATEMATIKA,685.03,22.56,660.52,745.11
34,UNIVERSITAS GADJAH MADA,3611027,FARMASI,679.18,17.93,659.42,760.88
35,UNIVERSITAS GADJAH MADA,3611333,ARSITEKTUR,678.19,17.82,659.2,733.62
36,UNIVERSITAS SUMATERA UTARA,1211015,PENDIDIKAN DOKTER,680.69,18.9,658.69,746.99
37,UNIVERSITAS ISLAM NEGERI MALANG,3741124,PENDIDIKAN DOKTER,671.65,8.99,658.6,692.56
38,UNIVERSITAS ANDALAS,1411033,PENDIDIKAN DOKTER,677.67,17.43,658.6,741.57
39,INSTITUT TEKNOLOGI BANDUNG,3321034,FAK. MATEMATIKA & ILMU PENGET. ALAM (FMIPA),682.26,20.46,658.25,774.44
40,UNIVERSITAS PADJADJARAN,3331187,PSIKOLOGI,683.58,22.98,657.83,757.84
41,UNIVERSITAS HASANUDDIN,7111076,PENDIDIKAN DOKTER,684.06,21.41,657.64,746.03
42,UNIVERSITAS GADJAH MADA,3611395,TEKNIK MESIN,681.71,19.83,656.72,737.99
43,UNIVERSITAS INDONESIA,3211143,TEKNIK KIMIA,689.8,23.85,656.01,739.98
44,UNIVERSITAS INDONESIA,3211305,STATISTIKA,681.15,25.82,655.85,755.25
45,UNIVERSITAS AIRLANGGA,3811022,PENDIDIKAN DOKTER GIGI,671.67,12.44,655.84,706.74
46,INSTITUT TEKNOLOGI BANDUNG,3321057,SEKOLAH FARMASI (SF),683.68,26.96,655.66,782.22
47,UNIVERSITAS INDONESIA,3211321,TEKNIK BIOMEDIS,681.87,29.04,655.66,764.33
48,UNIVERSITAS GADJAH MADA,3611171,MATEMATIKA,670.97,16.08,654.92,708.37
49,UNIVERSITAS GADJAH MADA,3611437,TEKNIK INDUSTRI,683.99,24.09,654.85,756.26
50,UNIVERSITAS GADJAH MADA,3611406,TEKNIK SIPIL,682.64,22.18,654.26,754.62
51,UNIVERSITAS INDONESIA,3211104,TEKNIK MESIN,673.32,15.8,653.55,714.89
52,INSTITUT TEKNOLOGI BANDUNG,3321065,SEKOLAH ILMU & TEKNO. HAYATI - PROG. SAINS,672.96,18.69,653.36,733.1
53,UNIVERSITAS INDONESIA,3211216,TEKNIK KOMPUTER,671.05,16.44,653.09,717.12
54,UNIVERSITAS INDONESIA,3211054,KIMIA,675.3,21.24,652.98,742.82
55,UNIVERSITAS INDONESIA,3211247,TEKNOLOGI BIOPROSES,680.01,25.02,652.77,743.38
56,INSTITUT TEKNOLOGI SEPULUH NOPEMBER,3821217,SISTEM INFORMASI,669.85,13.07,652.73,713.97
57,UNIVERSITAS INDONESIA,3211077,FARMASI,684.42,23.2,652.49,735.81
58,UNIVERSITAS INDONESIA,3211255,GIZI,682.11,18.87,652.45,726.99
59,INSTITUT TEKNOLOGI BANDUNG,3321026,FAK. TEKNIK PERTAMB. & PERMINYAKAN (FTTM),685.38,23.81,652.21,749.4
60,UNIVERSITAS INDONESIA,3211112,TEKNIK ELEKTRO,675.49,17.28,651.98,728.48
61,UNIVERSITAS ISLAM NEGERI JAKARTA,3221114,PENDIDIKAN DOKTER,669.19,14.17,651.74,712.06
62,UNIVERSITAS PADJADJARAN,3331091,PENDIDIKAN DOKTER GIGI,675.26,21.16,651.55,747.47
63,UNIVERSITAS MATARAM,6211224,PENDIDIKAN DOKTER,663.78,13.65,651.07,706.02
64,UNIVERSITAS GADJAH MADA,3611453,TEKNOLOGI PANGAN DAN HASIL PERTANIAN,671.93,18.9,650.64,722.22
65,UNIVERSITAS INDONESIA,3211046,FISIKA,663.3,13.95,650.47,705.48
66,INSTITUT TEKNOLOGI SEPULUH NOPEMBER,3821306,SAINS AKTUARIA,672.43,16.95,650.25,721.92
67,INSTITUT PERTANIAN BOGOR,3411226,STATISTIKA,673.09,22.43,649.63,727.19
68,UNIVERSITAS GADJAH MADA,3611387,TEKNIK ELEKTRO,673.98,22.45,649.61,743.8
69,UNIVERSITAS INDONESIA,3211174,ILMU KESEHATAN MASYARAKAT,668.23,14.56,649.61,716.31
70,UNIVERSITAS INDONESIA,3211135,ARSITEKTUR,679.35,26.37,649.47,748.05
71,UNIVERSITAS INDONESIA,3211201,TEKNIK LINGKUNGAN,665.91,15.55,648.68,702.08
72,INSTITUT PERTANIAN BOGOR,3411106,ILMU KOMPUTER,663.79,16.35,648.62,748.75
73,INSTITUT TEKNOLOGI SEPULUH NOPEMBER,3821121,TEKNIK SIPIL,674.81,26.84,648.51,765.69
74,UNIVERSITAS LAMPUNG,1911201,PEND. KEDOKTERAN,663.55,14.47,647.02,710.57
75,UNIVERSITAS PADJADJARAN,3331284,ILMU AKTUARIA,666.28,17.2,646.77,722.01
76,UNIVERSITAS INDONESIA,3211271,KESELAMATAN DAN KESEHATAN KERJA,661.59,14.05,646.44,691.59
77,INSTITUT TEKNOLOGI BANDUNG,3321011,FAK. ILMU DAN TEKNOLOGI KEBUMIAN (FITB),668.94,17.02,646.2,732.1
78,UNIVERSITAS GADJAH MADA,3611422,TEKNIK FISIKA,667.32,18.28,645.87,718.84
79,UNIVERSITAS SYIAH KUALA,1111165,PENDIDIKAN DOKTER,662.84,16.6,645.71,711.67
80,UNIVERSITAS PADJADJARAN,3331206,TEKNIK INFORMATIKA,663.9,15.09,645.65,697.09
81,INSTITUT TEKNOLOGI BANDUNG,3321123,SEKOLAH ILMU & TEKNO HAYATI - PROG REKAYASA,664.06,13.84,645.62,704.3
82,UNIVERSITAS GADJAH MADA,3611341,PERENCANAAN WILAYAH DAN KOTA,665.49,17.44,645.43,733.79
83,INSTITUT PERTANIAN BOGOR,3411497,AKTUARIA,667.16,18.33,644.89,699.32
84,UNIVERSITAS JEMBER,3711083,PENDIDIKAN DOKTER GIGI,660.04,13.08,644.7,700.66
85,UNIVERSITAS BRAWIJAYA,3721305,PENDIDIKAN DOKTER GIGI,660.95,14.96,644.43,698.6
86,UNIVERSITAS JENDERAL SOEDIRMAN,3511212,PENDIDIKAN DOKTER GIGI,657.41,9.92,643.81,680.39
87,UNIVERSITAS GADJAH MADA,3611082,GIZI KESEHATAN,668.69,18.92,643.32,721.54
88,INSTITUT TEKNOLOGI SEPULUH NOPEMBER,3821071,TEKNIK ELEKTRO,665.03,17.38,643.07,733.21
89,UNIVERSITAS RIAU,1311191,PEND. DOKTER,658.77,17.44,643.01,720.68
90,UNIVERSITAS INDONESIA,3211263,KESEHATAN LINGKUNGAN,655.39,10.17,642.77,678.3
91,INSTITUT TEKNOLOGI SEPULUH NOPEMBER,3821086,TEKNIK KIMIA,669.82,19.95,642.56,727.17
92,UNIVERSITAS DIPONEGORO,3551236,TEKNIK INDUSTRI,662.06,16.04,642.38,714.4
93,UNIVERSITAS GADJAH MADA,3611356,TEKNIK GEODESI,663.06,20.62,641.44,747.32
94,UNIVERSITAS GADJAH MADA,3611163,KIMIA,660.98,20.71,641.3,729.88
95,UNIVERSITAS SEBELAS MARET,3531174,INFORMATIKA,659.53,17.2,639.86,718.34
96,INSTITUT TEKNOLOGI SEPULUH NOPEMBER,3821136,ARSITEKTUR,660.33,22.64,639.37,767.21
97,INSTITUT TEKNOLOGI SEPULUH NOPEMBER,3821032,STATISTIKA,659.15,17.82,639.31,724.21
98,INSTITUT TEKNOLOGI SEPULUH NOPEMBER,3821314,TEKNOLOGI INFORMASI,659.18,17.51,638.99,700.49
99,UNIVERSITAS DIPONEGORO,3551171,TEKNIK SIPIL,656.18,15.2,638.74,712.13
100,INSTITUT TEKNOLOGI SEPULUH NOPEMBER,3821105,TEKNIK INDUSTRI,667.42,19.99,638.67,725.73
101,UNIVERSITAS INDONESIA,3211294,GEOLOGI,654.35,14.27,638.6,702.73
102,INSTITUT TEKNOLOGI BANDUNG,3321154,FAKULTAS TEKNOLOGI INDUSTRI (FTI) - KAMPUS CIREBON,653.49,14.96,638.5,696.62
103,UNIVERSITAS GADJAH MADA,3611213,ELEKTRONIKA DAN INSTRUMENTASI,665.27,19.16,638.37,713.91
104,INSTITUT TEKNOLOGI BANDUNG,3321131,FAKULTAS TEKNIK SIPIL DAN LINGKUNGAN (FTSL) - KAMPUS JATINANGOR,656.61,13.55,638.12,693.83
105,UNIVERSITAS GADJAH MADA,3611205,GEOFISIKA,657.52,17.33,637.75,700.2
106,UNIVERSITAS DIPONEGORO,3551333,KEDOKTERAN GIGI,661.94,26.87,637.63,742.02
107,INSTITUT TEKNOLOGI SEPULUH NOPEMBER,3821295,TEKNIK BIOMEDIK,657.05,16.23,636.9,687.38
108,INSTITUT TEKNOLOGI SEPULUH NOPEMBER,3821063,TEKNIK MESIN,659.35,16.37,636.7,718.5
109,UNIVERSITAS PENDIDIKAN GANESHA,6121217,KEDOKTERAN,656.65,24.65,636.54,734.63
110,UNIVERSITAS SEBELAS MARET,3531023,PSIKOLOGI,652.26,12.63,636.51,685.89
111,INSTITUT PERTANIAN BOGOR,3411273,TEKNOLOGI PANGAN,657.46,18.65,636.42,728.04
112,UNIVERSITAS DIPONEGORO,3551205,TEKNIK KIMIA,655.57,14.57,636.15,698.9
113,UNIVERSITAS INDONESIA,3211062,BIOLOGI,657.97,20.27,635.91,708.95
114,UNIVERSITAS DIPONEGORO,3551101,INFORMATIKA,656.98,17.33,635.62,707.66
115,UNIVERSITAS INDONESIA,3211286,GEOFISIKA,656,15.78,635.5,700.48
116,INSTITUT PERTANIAN BOGOR,3411315,TEKNIK SIPIL DAN LINGKUNGAN,650.1,9.98,635.39,676.71
117,UNIVERSITAS MULAWARMAN,5411211,PENDIDIKAN DOKTER,650.57,13.2,635.14,682.35
118,UNIVERSITAS GADJAH MADA,3611364,TEKNIK GEOLOGI,657.45,20.59,634.99,727.19
119,UNIVERSITAS PADJADJARAN,3331164,FARMASI,659.09,21.88,634.72,753.46
120,UNIVERSITAS JENDERAL SOEDIRMAN,3511131,FARMASI,649.13,14.85,634.33,729.52
121,UNIVERSITAS AIRLANGGA,3811037,PENDIDIKAN APOTEKER,657.01,16.24,634.27,724.26
122,UNIVERSITAS BRAWIJAYA,3721247,TEKNIK INDUSTRI,650.02,15.56,633.64,699.37
123,UNIVERSITAS LAMBUNG MANGKURAT,5311233,PENDIDIKAN DOKTER,653.3,17.59,633.45,725.57
124,UNIVERSITAS GADJAH MADA,3611461,TEKNOLOGI INDUSTRI PERTANIAN,653.8,18.94,633.36,720.78
125,UNIVERSITAS BRAWIJAYA,3721182,STATISTIKA,649.74,16.77,632.86,713.69
126,INSTITUT PERTANIAN BOGOR,3411354,ILMU GIZI,650.77,15.28,632.78,690.39
127,UNIVERSITAS TANJUNGPURA,5111207,PEND. DOKTER,655.37,18.42,632.65,708.53
128,UNIVERSITAS UDAYANA,6111262,PENDIDIKAN DOKTER GIGI,646.77,11.1,632.59,669.91
129,UNIVERSITAS JAMBI,1511146,KEDOKTERAN,644.41,9.66,632.42,669.9
130,INSTITUT PERTANIAN BOGOR,3411041,BIOKIMIA,649.44,18.41,631.93,704.43
131,UNIVERSITAS SEBELAS MARET,3531077,TEKNIK SIPIL,647.11,11.62,631.88,690.46
132,UNIVERSITAS PADJADJARAN,3331067,STATISTIKA,656.38,23.99,631.73,738.17
133,INSTITUT TEKNOLOGI SEPULUH NOPEMBER,3821094,TEKNIK FISIKA,650.02,15.77,631.59,705.3
134,UNIVERSITAS GADJAH MADA,3611012,BIOLOGI,652.05,17.71,631.44,723.88
135,UNIVERSITAS GADJAH MADA,3611051,PEMBANGUNAN WILAYAH,654.73,17.49,631.43,691.19
136,UNIVERSITAS PADJADJARAN,3331141,TEKNOLOGI PANGAN,651.11,19.65,631.24,733.32
137,INSTITUT TEKNOLOGI SEPULUH NOPEMBER,3821256,TEKNIK KOMPUTER,653.27,19.69,630.95,704.1
138,UNIVERSITAS GADJAH MADA,3611414,TEKNIK NUKLIR,661.84,23.53,630.21,726.07
139,UNIVERSITAS INDONESIA,3211085,GEOGRAFI,645.62,12.87,629.84,694.27
140,UNIVERSITAS BRAWIJAYA,3721255,TEKNIK INFORMATIKA,646.77,14.48,629.77,685.55
141,UNIVERSITAS BRAWIJAYA,3721367,SISTEM INFORMASI,644.45,12.84,629.63,699.99
142,UNIVERSITAS ANDALAS,1411064,PENDIDIKAN DOKTER GIGI,644.4,11.36,629.58,669.15
143,UNIVERSITAS BRAWIJAYA,3721336,FARMASI,649.23,18.48,629.28,708.74
144,UNIVERSITAS SEBELAS MARET,3531112,TEKNIK KIMIA,642.97,11.54,629.27,675.25
145,UNIVERSITAS PADJADJARAN,3331036,KIMIA,645.6,13.13,629.08,693.16
146,UNIVERSITAS INDONESIA,3211197,TEKNIK PERKAPALAN,645.84,15.92,629.01,680.35
147,UNIVERSITAS DIPONEGORO,3551213,TEKNIK ELEKTRO,648.29,18,629,700.64
148,UNIVERSITAS GADJAH MADA,3611155,FISIKA,652.38,27.56,628.8,766.11
149,UNIVERSITAS GADJAH MADA,3611043,KARTOGRAFI DAN PENGINDERAAN JAUH,653.27,24.97,628.7,755.56
150,UNIVERSITAS DIPONEGORO,3551186,ARSITEKTUR,646.76,15.94,628.64,701.26
151,INSTITUT PERTANIAN BOGOR,3411443,MATEMATIKA,644.66,15.37,628.51,692.99
152,UNIVERSITAS DIPONEGORO,3551097,STATISTIKA,646.44,15.13,628.28,704.09
153,UNIVERSITAS SEBELAS MARET,3531271,FARMASI,647.24,12.56,628.03,670.67
154,INSTITUT TEKNOLOGI SEPULUH NOPEMBER,3821113,TEKNIK MATERIAL,648.4,17.69,627.85,708.98
155,UNIVERSITAS SEBELAS MARET,3531294,STATISTIKA,645.49,17.66,627.28,723.75
156,UNIVERSITAS GADJAH MADA,3611252,EKONOMI PERTANIAN DAN AGRIBISNIS,646.61,16.45,627.14,680.92
157,UNIVERSITAS SAM RATULANGI,7211015,PENDIDIKAN DOKTER,646.02,17.31,627.11,728.61
158,UNIVERSITAS NEGERI YOGYAKARTA,3621014,PENDIDIKAN MATEMATIKA,645.02,15.14,626.98,688.2
159,UNIVERSITAS PADJADJARAN,3331021,MATEMATIKA,652.67,19.21,626.86,702.93
160,UNIVERSITAS NEGERI JAKARTA,3231155,ILMU KOMPUTER,648.91,18.89,626.75,693.04
161,UNIVERSITAS CENDERAWASIH,9111126,PENDIDIKAN DOKTER,637.57,12.67,626.45,651.36
162,UNIVERSITAS AIRLANGGA,3811134,TEKNOBIOMEDIK,641.1,14.16,626.44,681.49
163,UNIVERSITAS AIRLANGGA,3811157,SISTEM INFORMASI,646.02,20.4,626.25,736.49
164,UNIVERSITAS BRAWIJAYA,3721093,ILMU DAN TEKNOLOGI PANGAN,645.23,17.04,626.18,693.7
165,UNIVERSITAS BRAWIJAYA,3721031,TEKNIK SIPIL,648.08,17.38,626.1,695.92
166,INSTITUT TEKNOLOGI BANDUNG,3321146,FAKULTAS TEKNOLOGI INDUSTRI (FTI) - KAMPUS JATINANGOR,662.02,29.58,626.04,723.53
167,UNIVERSITAS BENGKULU,1611194,PENDIDIKAN DOKTER,643.2,13.68,625.95,683.84
168,UNIVERSITAS SEBELAS MARET,3531093,TEKNIK INDUSTRI,645.64,16.05,625.76,697.86
169,UNIVERSITAS GADJAH MADA,3611035,GEOGRAFI LINGKUNGAN,641.35,16.56,625.37,685.28
170,UNIVERSITAS DIPONEGORO,3551244,TEKNIK LINGKUNGAN,644.12,15.51,625.1,701.01
171,UNIVERSITAS BRAWIJAYA,3721062,ARSITEKTUR,643.67,15.41,625.06,712.57
172,INSTITUT TEKNOLOGI SEPULUH NOPEMBER,3821191,TEKNIK SISTEM PERKAPALAN,646.44,18.28,624.95,714.08
173,UNIVERSITAS GADJAH MADA,3611101,KEDOKTERAN HEWAN,648.06,18.45,624.49,714.33
174,UNIVERSITAS PADJADJARAN,3331172,TEKNIK GEOLOGI,645.72,20.46,624.47,745.59
175,UNIVERSITAS DIPONEGORO,3551043,GIZI,642.09,16.7,624.2,719.3
176,INSTITUT TEKNOLOGI SEPULUH NOPEMBER,3821272,TEKNIK GEOFISIKA,643.2,16.08,624.1,680.39
177,INSTITUT TEKNOLOGI SEPULUH NOPEMBER,3821144,TEKNIK LINGKUNGAN,648,20.68,624.03,704.78
178,INSTITUT PERTANIAN BOGOR,3411346,MANAJEMEN,641.34,14.24,623.78,680.34
179,UNIVERSITAS HASANUDDIN,7111196,PENDIDIKAN DOKTER GIGI,643.72,19.55,623.74,719.63
180,UNIVERSITAS DIPONEGORO,3551341,FARMASI,646.72,18.21,623.68,693.49
181,UNIVERSITAS SEBELAS MARET,3531085,ARSITEKTUR,635.3,10.64,623.07,678.62
182,UNIVERSITAS BRAWIJAYA,3721054,TEKNIK ELEKTRO,640.26,19.69,623.05,769.24
183,UNIVERSITAS NEGERI YOGYAKARTA,3621397,STATISTIKA,637.96,13.35,622.97,663.92
184,INSTITUT TEKNOLOGI SEPULUH NOPEMBER,3821167,PERENCANAAN WILAYAH DAN KOTA,644.58,19.25,622.84,716.95
185,UNIVERSITAS DIPONEGORO,3551302,TEKNOLOGI PANGAN,640.88,14.95,622.84,686.8
186,UNIVERSITAS MALIKUSSALEH,1121113,PENDIDIKAN DOKTER,636.18,11.26,622.49,667.04
187,INSTITUT PERTANIAN BOGOR,3411033,ARSITEKTUR LANSEKAP,642.13,14.54,622.43,688.81
188,INSTITUT PERTANIAN BOGOR,3411122,KIMIA,643.41,19.11,622.15,702.26
189,UNIVERSITAS GADJAH MADA,3611074,ILMU KEPERAWATAN,639.24,11.7,621.74,665.79
190,UNIVERSITAS SRIWIJAYA,1711075,PENDIDIKAN DOKTER GIGI,636.56,12.48,621.57,681.44
191,UNIVERSITAS INDONESIA,3211151,ILMU KEPERAWATAN,637.92,15.62,621.33,699.72
192,UNIVERSITAS PADJADJARAN,3331195,GEOFISIKA,636.78,11.88,621.27,669.8
193,UNIVERSITAS NEGERI JAKARTA,3231074,KIMIA,636.58,11,620.96,671.22
194,UNIVERSITAS DIPONEGORO,3551051,MATEMATIKA,639.78,18.38,620.73,706.2
195,UNIVERSITAS BRAWIJAYA,3721375,TEKNIK KIMIA,636.49,16.24,620.71,691.34
196,UNIVERSITAS GADJAH MADA,3611445,TEKNIK PERTANIAN,638.95,14.65,620.7,680.86
197,INSTITUT TEKNOLOGI SEPULUH NOPEMBER,3821183,TEKNIK KELAUTAN,640.41,16.81,620.51,708.28
198,INSTITUT TEKNOLOGI SEPULUH NOPEMBER,3821024,MATEMATIKA,643.76,21.91,620.4,710.52
199,UNIVERSITAS PADJADJARAN,3331222,TEKNIK ELEKTRO,648.1,19.63,620.03,703.74
200,INSTITUT TEKNOLOGI SEPULUH NOPEMBER,3821047,KIMIA,635.54,14.97,619.59,675.36
201,INSTITUT PERTANIAN BOGOR,3411474,BISNIS,636.97,15.56,619.26,691.06
202,UNIVERSITAS GADJAH MADA,3611317,MIKROBIOLOGI PERTANIAN,632.33,11,619.26,657.98
203,UNIVERSITAS BRAWIJAYA,3721417,BIOTEKNOLOGI,641.97,17.18,618.87,687.93
204,INSTITUT TEKNOLOGI SEPULUH NOPEMBER,3821152,TEKNIK GEOMATIKA,632.72,16.33,618.6,716.42
205,UNIVERSITAS ANDALAS,1411184,FARMASI,639.65,15.84,618.53,687.02
206,UNIVERSITAS NEGERI YOGYAKARTA,3621447,TEKNOLOGI INFORMASI,638.6,17.73,618.51,677.7
207,UNIVERSITAS UDAYANA,6111181,FARMASI,633.36,14.15,618.3,669.08
208,UNIVERSITAS DIPONEGORO,3551221,PERENCANAAN WILAYAH DAN KOTA,636.73,16.22,618.25,704.93
209,UNIVERSITAS PENDIDIKAN INDONESIA,3341093,KIMIA,629.97,11.91,618.22,666.27
210,UNIVERSITAS DIPONEGORO,3551194,TEKNIK MESIN,641.71,16.68,618.21,688.54
211,UNIVERSITAS BRAWIJAYA,3721441,TEKNIK LINGKUNGAN,633.7,13.07,618.02,667.8
212,UNIVERSITAS SEBELAS MARET,3531166,PERENCANAAN WILAYAH DAN KOTA (PWK),633.35,14.14,618,666.7
213,UNIVERSITAS BRAWIJAYA,3721046,TEKNIK MESIN,631.88,12.74,617.7,682.42
214,UNIVERSITAS NEGERI YOGYAKARTA,3621103,MATEMATIKA,639.06,15.4,617.63,668.65
215,UNIVERSITAS BRAWIJAYA,3721232,GIZI KESEHATAN / ILMU GIZI,641.62,20.22,617.63,724.8
216,UNIVERSITAS DIPONEGORO,3551074,KIMIA,633.88,15,617.62,694.85
217,UNIVERSITAS BRAWIJAYA,3721127,KIMIA,629.73,12.58,617.48,694.26
218,UNIVERSITAS BRAWIJAYA,3721135,MATEMATIKA,636.24,19.87,617.14,696.65
219,UNIVERSITAS DIPONEGORO,3551012,KESEHATAN MASYARAKAT,637.31,18.15,617.12,746.29
220,UNIVERSITAS SEBELAS MARET,3531104,TEKNIK MESIN,635.07,16.7,616.73,694.58
221,INSTITUT TEKNOLOGI BANDUNG,3321162,SEK. ARSITEKTUR. PERENC & PENGEMB KEBIJAKAN (SAPPK) - KAMPUS CIREBON,639.96,18.72,616.56,685.9
222,UNIVERSITAS SEBELAS MARET,3531143,KIMIA,631.44,12.5,616.25,667.18
223,UNIVERSITAS NUSA CENDANA,6311233,PENDIDIKAN DOKTER,640.2,18.96,616.12,686.26
224,UNIVERSITAS SEBELAS MARET,3531062,ILMU DAN TEKNOLOGI PANGAN,628.75,12.46,616,665.06
225,INSTITUT TEKNOLOGI SEPULUH NOPEMBER,3821055,BIOLOGI,631.48,14.23,615.84,677.79
226,UNIVERSITAS NEGERI YOGYAKARTA,3621126,KIMIA,628.56,11.28,615.75,655.62
227,UNIVERSITAS AIRLANGGA,3811173,ILMU GIZI,638.3,19.38,615.58,702.54
228,"UPN ""VETERAN"" YOGYAKARTA",3631016,TEKNIK GEOLOGI,632.87,16.99,615.41,696.5
229,UNIVERSITAS PENDIDIKAN INDONESIA,3341062,MATEMATIKA,629.68,13.42,615.34,685.22
230,INSTITUT PERTANIAN BOGOR,3411265,TEKNOLOGI INDUSTRI PERTANIAN,635.34,14.13,615.28,673.72
231,UNIVERSITAS NEGERI JAKARTA,3231163,STATISTIKA,629.04,10.96,615.22,655.19
232,UNIVERSITAS DIPONEGORO,3551275,TEKNIK GEODESI,629.23,10.89,615.11,661.92
233,INSTITUT PERTANIAN BOGOR,3411331,EKONOMI PEMBANGUNAN,636.29,14.59,615.1,672.88
234,UNIVERSITAS NEGERI YOGYAKARTA,3621037,PENDIDIKAN KIMIA,627.85,13.07,615.04,668.78
235,UNIVERSITAS PENDIDIKAN INDONESIA,3341216,ARSITEKTUR,628.41,12.7,614.99,656.18
236,UNIVERSITAS DIPONEGORO,3551283,TEKNIK KOMPUTER,631.31,14.91,614.89,696.25
237,INSTITUT PERTANIAN BOGOR,3411435,METEOROLOGI TERAPAN,635.37,14.26,614.73,672.35
238,UNIVERSITAS JENDERAL SOEDIRMAN,3511227,ILMU GIZI,631.64,16.2,614.44,690.94
239,UNIVERSITAS SUMATERA UTARA,1211077,PENDIDIKAN DOKTER GIGI,633.94,14.35,614.38,675.32
240,UNIVERSITAS SYIAH KUALA,1111181,PENDIDIKAN DOKTER GIGI,625.39,9.55,614.36,641.04
241,UNIVERSITAS AIRLANGGA,3811165,STATISTIKA,633.03,18.09,614.11,703.44
242,UNIVERSITAS JENDERAL SOEDIRMAN,3511204,TEKNIK INFORMATIKA,632.26,15.43,613.9,674.31
243,UNIVERSITAS AIRLANGGA,3811053,MATEMATIKA,634.98,19.99,613.85,692.07
244,INSTITUT PERTANIAN BOGOR,3411056,BIOLOGI,626.39,12.04,613.82,671.2
245,UNIVERSITAS PADJADJARAN,3331044,FISIKA,631.65,15.3,613.76,692.29
246,"UPN ""VETERAN"" YOGYAKARTA",3631024,TEKNIK PERTAMBANGAN,636.41,19.42,613.45,706.22
247,UNIVERSITAS PADJADJARAN,3331052,BIOLOGI,632.57,15.76,613.31,674.99
248,UNIVERSITAS SEBELAS MARET,3531216,PENDIDIKAN MATEMATIKA,633.16,17.07,613.28,697.1
249,UNIVERSITAS PENDIDIKAN INDONESIA,3341104,ILMU KOMPUTER,628.75,11.52,613.17,656.28
250,UNIVERSITAS DIPONEGORO,3551356,BIOTEKNOLOGI,629.85,13.11,612.92,668.07
251,UNIVERSITAS JENDERAL SOEDIRMAN,3511096,TEKNIK SIPIL,627.9,12.42,612.49,664.31
252,UNIVERSITAS ISLAM NEGERI JAKARTA,3221095,FARMASI,626.36,10.48,612.44,651.96
253,UNIVERSITAS SEBELAS MARET,3531286,TEKNIK ELEKTRO,627.95,14.7,612.32,674.88
254,INSTITUT TEKNOLOGI SEPULUH NOPEMBER,3821322,DESAIN KOMUNIKASI VISUAL,631.14,14.4,611.86,661.87
255,UNIVERSITAS GADJAH MADA,3611244,ILMU TANAH,634.33,19.76,611.86,701.92
256,INSTITUT TEKNOLOGI SEPULUH NOPEMBER,3821233,TEKNIK TRANSPORTASI LAUT,624.98,15.6,611.73,667.4
257,"UPN ""VETERAN"" YOGYAKARTA",3631086,TEKNIK INFORMATIKA,629.08,15.04,611.6,702.85
258,UNIVERSITAS ISLAM NEGERI SUNAN KALIJAGA,3651052,TEKNIK INFORMATIKA,628.57,17.11,611.51,681.69
259,UNIVERSITAS SEBELAS MARET,3531127,MATEMATIKA,631.23,20.35,611.29,704.86
260,UNIVERSITAS PALANGKARAYA,5211224,PENDIDIKAN DOKTER,623.13,11.86,611.27,660.56
261,UNIVERSITAS NEGERI SEMARANG,3561215,TEKNIK INFORMATIKA,627.1,14.49,611.21,668.49
262,UNIVERSITAS BRAWIJAYA,3721197,PERENCANAAN WILAYAH & KOTA,625.25,11.7,610.89,677.43
263,UNIVERSITAS JEMBER,3711187,FARMASI,634.76,21.5,610.73,740.42
264,UNIVERSITAS ANDALAS,1411153,TEKNIK INDUSTRI,632.62,16.76,610.73,680.73
265,INSTITUT PERTANIAN BOGOR,3411114,KEDOKTERAN HEWAN,636.91,24.96,610.72,752.22
266,UNIVERSITAS AIRLANGGA,3811092,KESEHATAN MASYARAKAT,630.77,15.63,610.67,680.57
267,UNIVERSITAS GADJAH MADA,3611221,AGRONOMI,626.65,16.85,610.6,676.66
268,UNIVERSITAS NEGERI JAKARTA,3231051,MATEMATIKA,629.41,24.73,610.45,711.95
269,UNIVERSITAS ANDALAS,1411211,SISTEM INFORMASI,631.52,16.86,610.35,671.35
270,UNIVERSITAS DIPONEGORO,3551267,TEKNIK GEOLOGI,624.11,11.45,610.07,671.73
271,"UPN ""VETERAN"" JAKARTA",3241045,INFORMATIKA,626.91,15.08,609.82,689.7
272,UNIVERSITAS BRAWIJAYA,3721352,TEKNIK KOMPUTER,624.45,12.01,609.16,664.6
273,UNIVERSITAS HALUOLEO,7511212,PENDIDIKAN DOKTER,628.49,15.23,608.95,662.27
274,UNIVERSITAS GADJAH MADA,3611476,HIGIENE GIGI,623.33,16.01,608.76,657.94
275,UNIVERSITAS SEBELAS MARET,3531151,BIOLOGI,625.56,14.23,608.75,656.82
276,UNIVERSITAS NEGERI SEMARANG,3561262,FARMASI,626.18,14.52,608.7,651.77
277,UNIVERSITAS GADJAH MADA,3611484,KEHUTANAN,628.55,15.99,608.64,693.77
278,INSTITUT TEKNOLOGI SEPULUH NOPEMBER,3821175,TEKNIK PERKAPALAN,634.62,19.88,608.55,699.05
279,UNIVERSITAS GADJAH MADA,3611291,TEKNOLOGI HASIL PERIKANAN,623.49,16.2,608.51,675.73
280,INSTITUT TEKNOLOGI BANDUNG,3321177,FAK. TEKNIK PERTAMB. & PERMINYAKAN (FTTM) - KAMPUS CIREBON,633.09,16.8,608.42,668.84
281,INSTITUT PERTANIAN BOGOR,3411064,EKONOMI SUMBERDAYA DAN LINGKUNGAN,621.3,13.34,608.38,653.16
282,UNIVERSITAS DIPONEGORO,3551066,BIOLOGI,625.67,16.22,608.27,684.12
283,UNIVERSITAS GADJAH MADA,3611302,MANAJEMEN SUMBERDAYA AKUATIK (MANAJEMEN SUMBER DAYA PERIKANAN),624.61,14.11,607.94,652.68
284,INSTITUT TEKNOLOGI SEPULUH NOPEMBER,3821016,FISIKA,624.08,15.64,607.8,692.55
285,UNIVERSITAS PADJADJARAN,3331083,AGRIBISNIS,626.73,18.62,607.42,693.3
286,UNIVERSITAS DIPONEGORO,3551252,TEKNIK PERKAPALAN,621.59,11.87,607.31,658.24
287,UNIVERSITAS ISLAM NEGERI ALAUDDIN,7131162,PENDIDIKAN DOKTER,625.08,13.27,607.23,657.33
288,UNIVERSITAS GADJAH MADA,3611283,AKUAKULTUR (BUDIDAYA PERIKANAN),624.99,15.27,606.65,669.19
289,UNIVERSITAS NEGERI SEMARANG,3561207,TEKNIK SIPIL,618.91,11.32,606.59,653.37
290,UNIVERSITAS BRAWIJAYA,3721391,TEKNIK GEOFISIKA,617.39,10.09,606.38,641.2
291,UNIVERSITAS PADJADJARAN,3331125,ILMU KEPERAWATAN,628.7,24.76,606.36,726.73
292,"UPN ""VETERAN"" YOGYAKARTA",3631063,TEKNIK KIMIA,622.96,13.2,606.28,662.86
293,UNIVERSITAS DIPONEGORO,3551082,FISIKA,620.26,11.51,606.13,651.09
294,UNIVERSITAS MULAWARMAN,5411323,KEDOKTERAN GIGI,616.31,7.48,606.02,630.53
295,INSTITUT PERTANIAN BOGOR,3411017,AGRIBISNIS,630.64,20.82,606.02,682.16
296,UNIVERSITAS AIRLANGGA,3811084,KIMIA,630.38,16.85,605.9,676.45
297,"UPN ""VETERAN"" YOGYAKARTA",3631055,TEKNIK GEOFISIKA,614.66,7.13,605.58,631.84
298,UNIVERSITAS JENDERAL SOEDIRMAN,3511185,ILMU DAN TEKNOLOGI PANGAN,619.12,13.07,605.26,666.12
299,UNIVERSITAS GADJAH MADA,3611267,PROTEKSI TANAMAN (ILMU HAMA DAN PENYAKIT TUMBUHAN),622.36,15.18,605.26,664.7
300,UNIVERSITAS BRAWIJAYA,3721487,TEKNOLOGI INFORMASI,623.07,16.3,605.14,676.66
301,UNIVERSITAS PENDIDIKAN INDONESIA,3341085,BIOLOGI,621.82,16.64,605.07,657.52
302,UNIVERSITAS ISLAM NEGERI JAKARTA,3221033,SISTEM INFORMASI,624.3,17.44,605.02,676.58
303,UNIVERSITAS JENDERAL SOEDIRMAN,3511034,MATEMATIKA,622.09,18.03,604.85,705.28
304,UNIVERSITAS AIRLANGGA,3811142,ILMU DAN TEKNOLOGI LINGKUNGAN,623.44,14.66,604.74,664.14
305,UNIVERSITAS AIRLANGGA,3811126,PENDIDIKAN BIDAN,620.23,14.33,604.56,659.23
306,UNIVERSITAS BRAWIJAYA,3721077,TEKNIK PENGAIRAN,619.36,9.42,604.27,644.7
307,INSTITUT PERTANIAN BOGOR,3411362,EKONOMI SYARIAH,622.47,20.72,604.2,704.42
308,"UPN ""VETERAN"" YOGYAKARTA",3631071,TEKNIK INDUSTRI,619.94,12.79,604.11,661.89
309,UNIVERSITAS NEGERI SEMARANG,3561181,TEKNIK KIMIA,618.15,12.86,603.99,677.42
310,UNIVERSITAS PENDIDIKAN INDONESIA,3341015,PENDIDIKAN MATEMATIKA,623.57,18.04,603.84,698.32
311,UNIVERSITAS SEBELAS MARET,3531135,FISIKA,615.57,9.01,603.55,647.21
312,"UPN ""VETERAN"" JAKARTA",3241037,TEKNIK INDUSTRI,621.43,14.33,603.5,655.21
313,"UPN ""VETERAN"" JAKARTA",3241111,FARMASI,619.05,14.18,603.47,656.16
314,UNIVERSITAS PENDIDIKAN INDONESIA,3341174,TEKNIK ELEKTRO,613.5,8.79,603.19,639.07
315,UNIVERSITAS ANDALAS,1411145,TEKNIK SIPIL,626.59,19.17,603.09,702.29
316,UNIVERSITAS ANDALAS,1411161,TEKNIK LINGKUNGAN,615.16,9.82,603.06,639.25
317,INSTITUT TEKNOLOGI SEPULUH NOPEMBER,3821241,TEK. SIST PERKAPALAN (GLR GANDA ITS-JERMAN),635.64,27.84,602.56,700.77
318,UNIVERSITAS BRAWIJAYA,3721104,BIOLOGI,620.76,16.53,602.53,688.13
319,UNIVERSITAS NEGERI MALANG,3731211,TEKNIK INFORMATIKA,617.85,10.6,602.45,640.96
320,UNIVERSITAS SEBELAS MARET,3531046,AGRIBISNIS,615.65,10.52,602.22,647.1
321,UNIVERSITAS NEGERI YOGYAKARTA,3621045,PENDIDIKAN BIOLOGI,623.34,21.82,602.2,708.4
322,UNIVERSITAS JENDERAL SOEDIRMAN,3511026,KIMIA,612.73,8.69,602.09,637.06
323,INSTITUT PERTANIAN BOGOR,3411137,KOMUNIKASI DAN PENGEMBANGAN MASYARAKAT,620.53,14.45,601.92,660.62
324,"UPN ""VETERAN"" YOGYAKARTA",3631047,TEKNIK LINGKUNGAN,616.4,10.18,601.81,647.96
325,INSTITUT PERTANIAN BOGOR,3411087,ILMU DAN TEKNOLOGI KELAUTAN,621.38,12.73,601.8,647.83
326,UNIVERSITAS PADJADJARAN,3331214,TEKNOLOGI INDUSTRI PERTANIAN,619.66,12.56,601.72,641.9
327,UNIVERSITAS NEGERI YOGYAKARTA,3621022,PENDIDIKAN FISIKA,625.08,19.25,601.48,677.22
328,UNIVERSITAS NEGERI YOGYAKARTA,3621134,BIOLOGI,617.05,9.68,601.48,645.41
329,"UPN ""VETERAN"" JAWA TIMUR",3851031,TEKNIK KIMIA,613.83,12.16,601.2,657.49
330,UNIVERSITAS NEGERI JAKARTA,3231012,PENDIDIKAN MATEMATIKA,628.94,26.68,601.08,696.1
331,UNIVERSITAS NEGERI MALANG,3731017,PENDIDIKAN MATEMATIKA,625.57,20.7,601.04,686.46
332,INSTITUT PERTANIAN BOGOR,3411377,MANAJEMEN SUMBERDAYA LAHAN,615.13,12.9,600.72,654.38
333,"UPN ""VETERAN"" YOGYAKARTA",3631032,TEKNIK PERMINYAKAN,621.13,17.25,600.2,673.03
334,UNIVERSITAS NEGERI SEMARANG,3561014,PENDIDIKAN MATEMATIKA,617.21,16.93,600.14,670
335,UNIVERSITAS LAMBUNG MANGKURAT,5311384,KEDOKTERAN GIGI,617.18,14.18,600.08,669.08
336,UNIVERSITAS JENDERAL SOEDIRMAN,3511115,KESEHATAN MASYARAKAT,616.47,13.5,599.99,649.7
337,UNIVERSITAS PENDIDIKAN INDONESIA,3341077,FISIKA,617.38,13.02,599.94,644.42
338,UNIVERSITAS GADJAH MADA,3611325,ILMU DAN INDUSTRI PETERNAKAN,618.93,14.86,599.64,677.14
339,"UPN ""VETERAN"" YOGYAKARTA",3631136,SISTEM INFORMASI,615.9,16.78,599.52,661.28
340,UNIVERSITAS PENDIDIKAN INDONESIA,3341197,TEKNIK SIPIL,615.63,12.84,599.23,664.95
341,INSTITUT PERTANIAN BOGOR,3411025,AGRONOMI DAN HORTIKULTURA,621.06,18.85,599.14,699.06
342,UNIVERSITAS GADJAH MADA,3611275,PENYULUHAN DAN KOMUNIKASI PERTANIAN,619.57,14.08,599,639.34
343,UNIVERSITAS PATTIMURA,8111246,PENDIDIKAN DOKTER,610.81,9.8,599,632.44
344,UNIVERSITAS JEMBER,3711172,TEKNIK SIPIL,617.52,17.14,598.92,690.67
345,UNIVERSITAS BRAWIJAYA,3721383,INSTRUMENTASI,613.33,11.18,598.77,635.14
346,UNIVERSITAS JENDERAL SOEDIRMAN,3511081,TEKNIK ELEKTRO,614.8,15.81,598.69,679.06
347,UNIVERSITAS PADJADJARAN,3331237,KEDOKTERAN HEWAN,626.5,21.96,598.65,673.43
348,UNIVERSITAS PADJADJARAN,3331075,AGROTEKNOLOGI,615.21,13.68,598.6,660.48
349,UNIVERSITAS BRAWIJAYA,3721433,TEKNOLOGI BIOPROSES,610.21,10.42,598.45,640.54
350,UNIVERSITAS SRIWIJAYA,1711013,TEKNIK SIPIL,617.74,17.02,598.44,676.12
351,UNIVERSITAS TADULAKO,7311183,PEND. DOKTER,611.69,12.96,598.37,654.01
352,UNIVERSITAS NEGERI SEMARANG,3561092,MATEMATIKA,619.17,18.8,598.3,678.4
353,UNIVERSITAS NEGERI MALANG,3731114,MATEMATIKA,614.89,16.33,597.86,687.16
354,"UPN ""VETERAN"" JAKARTA",3241053,SISTEM INFORMASI,616.78,15.98,597.63,659.54
355,UNIVERSITAS NEGERI YOGYAKARTA,3621111,FISIKA,612.89,16.94,597.55,662.37
356,UNIVERSITAS NEGERI YOGYAKARTA,3621463,TEKNIK SIPIL,611.34,11.77,597.53,640.58
357,UNIVERSITAS DIPONEGORO,3551155,OCEANOGRAFI,616.78,17.16,597.53,679.93
358,INSTITUT PERTANIAN BOGOR,3411451,FISIKA,619.09,16.32,597.46,658.89
359,UNIVERSITAS AIRLANGGA,3811045,KEDOKTERAN HEWAN,621.23,17.57,597.27,681.47
360,UNIVERSITAS BRAWIJAYA,3721201,TEKNOLOGI INDUSTRI PERTANIAN,616.68,15.14,597.02,665.22
361,UNIVERSITAS NEGERI MALANG,3731161,TEKNIK SIPIL,612.14,13.37,596.99,655.21
362,"UPN ""VETERAN"" JAKARTA",3241092,GIZI,611.83,12.34,596.96,641.74
363,UNIVERSITAS NEGERI SEMARANG,3561223,TEKNIK ELEKTRO,608.06,13.1,596.89,652.25
364,UNIVERSITAS NEGERI SEMARANG,3561111,KIMIA,609,13.67,596.76,666.96
365,"UPN ""VETERAN"" YOGYAKARTA",3631105,AGRIBISNIS,611.79,12.58,596.64,646.74
366,UNIVERSITAS SEBELAS MARET,3531197,PENDIDIKAN KIMIA,612.71,11.24,596.62,634.22
367,"UPN ""VETERAN"" JAKARTA",3241084,KESEHATAN MASYARAKAT,612.84,11.83,596.61,641.32
368,UNIVERSITAS ANDALAS,1411226,PSIKOLOGI,616.27,14.77,596.49,657.89
369,UNIVERSITAS SEBELAS MARET,3531255,ILMU TANAH,613.79,17.52,596.42,672.96
370,INSTITUT TEKNOLOGI SEPULUH NOPEMBER,3821287,DESAIN INTERIOR,611.9,11.74,596.42,637.27
371,UNIVERSITAS NEGERI SEMARANG,3561165,TEKNIK ARSITEKTUR,610.16,12.94,596.22,643.24
372,UNIVERSITAS ANDALAS,1411176,TEKNIK ELEKTRO,615.84,19.1,596.12,673.52
373,INSTITUT PERTANIAN BOGOR,3411145,KONSERVASI SUMBERDAYAHUTAN& EKOWISATA,618.23,24.71,595.85,718.75
374,UNIVERSITAS SUMATERA UTARA,1211104,FARMASI,622.31,25.52,595.77,716
375,UNIVERSITAS NEGERI SURABAYA,3831057,MATEMATIKA,611.58,12.91,595.74,646.89
376,UNIVERSITAS SUMATERA UTARA,1211247,TEKNOLOGI INFORMASI,626.11,26.62,595.73,690.98
377,UNIVERSITAS PENDIDIKAN INDONESIA,3341031,PENDIDIKAN BIOLOGI,610.3,14.75,595.7,665.66
378,"UPN ""VETERAN"" JAWA TIMUR",3851085,ARSITEKTUR,609.36,12.7,595.34,644.93
379,"UPN ""VETERAN"" JAWA TIMUR",3851062,TEKNIK INFORMATIKA,614.36,14.31,595.26,659.69
380,UNIVERSITAS JENDERAL SOEDIRMAN,3511123,KEPERAWATAN,611.65,16.02,595.1,670.08
381,UNIVERSITAS NEGERI JAKARTA,3231066,FISIKA,611.86,14.89,594.99,649.56
382,"UPN ""VETERAN"" YOGYAKARTA",3631113,METALURGI,611.01,17.34,594.88,668.95
383,UNIVERSITAS BRAWIJAYA,3721294,PENDIDIKAN DOKTER HEWAN,617.63,19.91,594.75,681.46
384,UNIVERSITAS ANDALAS,1411095,MATEMATIKA,615.04,19.11,594.74,681.64
385,UNIVERSITAS SEBELAS MARET,3531031,AGROTEKNOLOGI / AGROEKOTEKNOLOGI,613.36,17.12,594.68,678.88
386,UNIVERSITAS BRAWIJAYA,3721112,FISIKA,613.58,16.43,594.61,681.84
387,UNIVERSITAS HASANUDDIN,7111382,TEKNIK INFORMATIKA,623.59,24.04,594.56,683.05
388,UNIVERSITAS SRIWIJAYA,1711214,ARSITEKTUR,614.66,18.45,594.15,682.53
389,UNIVERSITAS SUMATERA UTARA,1211054,TEKNIK INDUSTRI,618.78,22.03,594.05,702.37
390,INSTITUT TEKNOLOGI SEPULUH NOPEMBER,3821225,DESAIN PRODUK INDUSTRI,610.73,14.3,593.97,647.55
391,UNIVERSITAS LAMBUNG MANGKURAT,5311295,FARMASI,612.63,15.88,593.93,667.73
392,"UPN ""VETERAN"" YOGYAKARTA",3631144,TEKNIK GEOMATIKA,604.18,8.91,593.91,634.26
393,UNIVERSITAS SEBELAS MARET,3531201,PENDIDIKAN BIOLOGI,609.22,13.97,593.9,654.42
394,INSTITUT PERTANIAN BOGOR,3411393,MANAJEMEN SUMBERDAYA PERAIRAN,610.44,14.3,593.88,653.5
395,UNIVERSITAS JENDERAL SOEDIRMAN,3511243,TEKNIK INDUSTRI,612.09,14.19,593.75,657.26
396,INSTITUT PERTANIAN BOGOR,3411234,TEKNIK PERTANIAN DAN BIOSISTEM,613.21,17.24,593.7,694.04
397,UNIVERSITAS NEGERI YOGYAKARTA,3621165,PENDIDIKAN IPA,608.98,13.01,593.56,636.04
398,UNIVERSITAS NEGERI MALANG,3731137,KIMIA,605.77,12.78,593.55,675.2
399,UNIVERSITAS JENDERAL SOEDIRMAN,3511146,TEKNIK GEOLOGI,609.49,16.53,593.47,669.21
400,UNIVERSITAS UDAYANA,6111037,TEKNIK ARSITEKTUR,609.86,15.04,593.47,669.03
401,UNIVERSITAS NEGERI YOGYAKARTA,3621157,PENDIDIKAN TEKNIK INFORMATIKA,608.62,12.41,593.32,631.8
402,INSTITUT PERTANIAN BOGOR,3411412,TEKNOLOGI & MANAJEMEN PERIKANAN TANGKAP,611.99,13.62,593.3,650.53
403,INSTITUT PERTANIAN BOGOR,3411385,PROTEKSI TANAMAN,613.49,20.74,593.28,670.5
404,UNIVERSITAS NEGERI JAKARTA,3231082,BIOLOGI,607.92,14.3,593.2,647.17
405,UNIVERSITAS SEBELAS MARET,3531313,ILMU LINGKUNGAN,604.91,10.78,592.99,636.79
406,UNIVERSITAS ANDALAS,1411137,TEKNIK MESIN,612.45,17.09,592.98,653.93
407,UNIVERSITAS NEGERI SEMARANG,3561231,GIZI,608.74,13.11,592.98,649.18
408,UNIVERSITAS ISLAM NEGERI SUNAN KALIJAGA,3651067,TEKNIK INDUSTRI,610.7,15.78,592.83,654.29
409,UNIVERSITAS ANDALAS,1411273,GIZI,606.65,15.63,592.81,652.76
410,UNIVERSITAS DIPONEGORO,3551147,ILMU KELAUTAN,611.37,19.45,592.73,700.22
411,UNIVERSITAS NEGERI YOGYAKARTA,3621432,TEKNIK ELEKTRO,603.73,10.26,592.48,629.11
412,UNIVERSITAS PADJADJARAN,3331156,TEKNIK PERTANIAN,609.93,14.9,592.44,654.2
413,UNIVERSITAS ISLAM NEGERI MALANG,3741074,FARMASI,613.56,16.1,592.29,655.24
414,UNIVERSITAS BRAWIJAYA,3721321,KEBIDANAN,612.04,15.93,592.17,644.26
415,INSTITUT PERTANIAN BOGOR,3411466,ILMU KELUARGA DAN KONSUMEN,610.1,20.07,592.1,694.24
416,UNIVERSITAS JENDERAL SOEDIRMAN,3511042,FISIKA,607.71,15.12,591.88,656.34
417,UNIVERSITAS DIPONEGORO,3551035,KEPERAWATAN,613.51,16.06,591.61,663.52
418,UNIVERSITAS NEGERI SEMARANG,3561246,SISTEM INFORMASI,602.64,9.27,591.47,621.27
419,"UPN ""VETERAN"" JAWA TIMUR",3851093,TEKNIK LINGKUNGAN,606.8,11.66,591.45,640.67
420,UNIVERSITAS TANJUNGPURA,5111215,FARMASI,610.24,16.47,591.26,656.97
421,INSTITUT PERTANIAN BOGOR,3411153,MANAJEMEN HUTAN,605.75,13.72,591.24,654.73
422,UNIVERSITAS SRIWIJAYA,1711036,TEKNIK KIMIA,614.56,17.55,591.23,664.63
423,"UPN ""VETERAN"" JAWA TIMUR",3851046,TEKNIK INDUSTRI,606.17,12.42,591.09,650.44
424,UNIVERSITAS SUMATERA UTARA,1211232,ILMU KOMPUTER,614.91,21.48,590.95,674.5
425,UNIVERSITAS BRAWIJAYA,3721271,AGRIBISNIS,607.85,14.98,590.9,702.94
426,UNIVERSITAS SEBELAS MARET,3531182,PENDIDIKAN FISIKA,603.93,10.12,590.86,628.66
427,UNIVERSITAS SRIWIJAYA,1711326,FARMASI,610.08,17.77,590.68,659.26
428,UNIVERSITAS ISLAM NEGERI JAKARTA,3221041,MATEMATIKA,605.29,12.9,590.56,652.03
429,UNIVERSITAS AIRLANGGA,3811076,FISIKA,604.43,10.09,590.54,629.14
430,UNIVERSITAS AIRLANGGA,3811061,BIOLOGI,615.27,26.34,590.48,726.74
431,"UPN ""VETERAN"" JAWA TIMUR",3851104,TEKNIK SIPIL,605.19,12.73,590.39,638.53
432,INSTITUT PERTANIAN BOGOR,3411281,NUTRISI DAN TEKNOLOGI PAKAN,612.14,21.29,590.26,692.1
433,UNIVERSITAS JENDERAL SOEDIRMAN,3511011,BIOLOGI,604.18,13.61,590.21,649.08
434,UNIVERSITAS PADJADJARAN,3331133,ILMU KELAUTAN,611.53,17.39,590.16,665.4
435,UNIVERSITAS NEGERI SURABAYA,3831011,PEND. MATEMATIKA,610.65,18.85,590.12,659.5
436,UNIVERSITAS DIPONEGORO,3551124,AKUAKULTUR,605.36,19.32,590.04,740.78
437,UNIVERSITAS PENDIDIKAN INDONESIA,3341046,PENDIDIKAN KIMIA,604.75,11.51,590.02,634.08
438,UNIVERSITAS SUMATERA UTARA,1211062,TEKNIK KIMIA,609.41,17.63,589.72,681.91
439,UNIVERSITAS NEGERI MALANG,3731033,PENDIDIKAN KIMIA,604.08,13,589.62,638.72
440,UNIVERSITAS SRIWIJAYA,1711021,TEKNIK PERTAMBANGAN,608.92,15.23,589.51,652.66
441,"UPN ""VETERAN"" JAKARTA",3241014,TEKNIK MESIN,606.25,12.35,589.49,639.43
442,UNIVERSITAS NEGERI SEMARANG,3561126,BIOLOGI,600.51,11.74,589.49,641.03
443,UNIVERSITAS UDAYANA,6111223,FISIOTERAPI,615.03,17.81,589.34,658.4
444,"UPN ""VETERAN"" JAWA TIMUR",3851077,SISTEM INFORMASI,602.88,11.91,589.27,642.95
445,UNIVERSITAS NEGERI SEMARANG,3561134,KESEHATAN MASYARAKAT,604.65,11.64,588.94,635.74
446,UNIVERSITAS NEGERI SURABAYA,3831073,KIMIA,604.15,12.74,588.84,627.1
447,UNIVERSITAS UDAYANA,6111022,KEDOKTERAN HEWAN,610.27,27.36,588.55,731.56
448,UNIVERSITAS NEGERI JAKARTA,3231035,PENDIDIKAN KIMIA,605.77,15.7,588.24,638.48
449,UNIVERSITAS JENDERAL SOEDIRMAN,3511177,AGRIBISNIS,601.3,13.05,587.8,639.5
450,"UPN ""VETERAN"" YOGYAKARTA",3631094,AGROTEKNOLOGI,600.47,11.11,587.8,641.18
451,UNIVERSITAS ISLAM NEGERI JAKARTA,3221087,KESEHATAN MASYARAKAT,604.09,13.59,587.7,640.22
452,UNIVERSITAS PENDIDIKAN INDONESIA,3341112,PENDIDIKAN TEKNIK ARSITEKTUR,604.32,14.48,587.66,643.24
453,UNIVERSITAS PENDIDIKAN INDONESIA,3341023,PENDIDIKAN FISIKA,604.86,14.93,587.36,659.98
454,UNIVERSITAS TIDAR,3521021,TEKNIK SIPIL,598.97,8.35,587.19,623.67
455,UNIVERSITAS NEGERI SEMARANG,3561196,TEKNIK MESIN,601.09,11.82,587.04,632.7
456,UNIVERSITAS UDAYANA,6111045,TEKNIK SIPIL,607.84,18.62,586.97,666.01
457,UNIVERSITAS NEGERI JAKARTA,3231043,PENDIDIKAN BIOLOGI,598.2,12.39,586.82,641.84
458,INSTITUT PERTANIAN BOGOR,3411427,SILVIKULTUR,599.96,10.9,586.76,629.56
459,UNIVERSITAS NEGERI MALANG,3731203,TEKNIK ELEKTRO,603.67,12.41,586.69,632.72
460,UNIVERSITAS BRAWIJAYA,3721313,ILMU KELAUTAN,605.14,15.3,586.46,651.99
461,UNIVERSITAS DIPONEGORO,3551317,AGROEKOTEKNOLOGI,604.24,16.61,586.32,674.68
462,"UPN ""VETERAN"" YOGYAKARTA",3631121,ILMU TANAH,597.33,12.55,585.84,652.8
463,UNIVERSITAS SUMATERA UTARA,1211023,TEKNIK SIPIL,608.18,17.24,585.83,655.41
464,UNIVERSITAS SAM RATULANGI,7211023,PENDIDIKAN DOKTER GIGI,595.67,10.64,585.67,623.97
465,UNIVERSITAS ISLAM NEGERI SUNAN KALIJAGA,3651013,MATEMATIKA,604.46,16.23,585.61,670.53
466,UNIVERSITAS NEGERI SEMARANG,3561103,FISIKA,596.61,12,585.46,632.22
467,UNIVERSITAS SEBELAS MARET,3531305,PENDIDIKAN IPA,596.62,11.78,585.32,628.48
468,UNIVERSITAS NEGERI SEMARANG,3561037,PENDIDIKAN KIMIA,599.5,12.91,584.98,638.26
469,UNIVERSITAS RIAU,1311167,TEKNIK KIMIA,601.72,14.11,584.97,643.03
470,UNIVERSITAS ANDALAS,1411072,KIMIA,599.89,15.04,584.92,647.89
471,UNIVERSITAS JEMBER,3711141,KESEHATAN MASYARAKAT,603.08,16.94,584.91,667.36
472,UNIVERSITAS LAMPUNG,1911352,FARMASI,601.06,13.39,584.9,624.61
473,UNIVERSITAS JEMBER,3711206,SISTEM INFORMASI,606.66,20.12,584.79,668.69
474,INSTITUT PERTANIAN BOGOR,3411404,TEKNOLOGI HASIL PERAIRAN,606.92,18.24,584.72,650.78
475,UNIVERSITAS AIRLANGGA,3811103,PENDIDIKAN NERS,610.03,23.71,584.57,712.46
476,UNIVERSITAS ISLAM NEGERI SUNAN KALIJAGA,3651036,KIMIA,599.65,11.86,584.44,628.94
477,UNIVERSITAS ISLAM NEGERI JAKARTA,3221064,KIMIA,599.45,12.69,584.28,638.84
478,UNIVERSITAS NEGERI SEMARANG,3561022,PENDIDIKAN FISIKA,596.48,12.38,584.02,630.16
479,UNIVERSITAS NEGERI YOGYAKARTA,3621092,PENDIDIKAN TEKNIK SIPIL & PERENCANAAN,601.04,15.17,584,657.42
480,UNIVERSITAS ISLAM NEGERI JAKARTA,3221025,TEKNIK INFORMATIKA,605.65,19.01,583.87,666.44
481,UNIVERSITAS NEGERI YOGYAKARTA,3621455,TEKNIK MANUFAKTUR,600.75,15.81,583.7,636.41
482,UNIVERSITAS SEBELAS MARET,3531263,PENYULUHAN DAN KOMUNIKASI PERTANIAN,596.1,14.97,583.67,678.87
483,UNIVERSITAS NEGERI SEMARANG,3561045,PENDIDIKAN BIOLOGI,598.92,13.96,583.6,637.18
484,UNIVERSITAS ISLAM NEGERI SUNAN GUNUNG DJATI,3361066,TEKNIK INFORMATIKA,603.88,16.75,583.54,653.39
485,UNIVERSITAS ANDALAS,1411056,ILMU KESEHATAN MASYARAKAT,601.49,14.1,583.38,648.17
486,INSTITUT PERTANIAN BOGOR,3411482,TEKNOLOGI HASIL TERNAK,604.94,16.14,583.2,631.42
487,UNIVERSITAS NEGERI MALANG,3731192,TEKNIK MESIN,603.14,19.3,583.2,659.63
488,UNIVERSITAS NEGERI MALANG,3731226,TEKNIK INDUSTRI,597.91,13.35,583.19,636.45
489,UNIVERSITAS DIPONEGORO,3551325,AGRIBISNIS,604.37,13.57,582.8,629.58
490,UNIVERSITAS UDAYANA,6111207,ILMU KOMPUTER/TEKNIK INFORMATIKA,612.39,25.68,582.76,723.78
491,"UPN ""VETERAN"" JAKARTA",3241076,KEPERAWATAN,597.71,12.27,582.64,622.13
492,"UPN ""VETERAN"" JAKARTA",3241022,TEKNIK PERKAPALAN,599.16,12.41,582.53,623.35
493,UNIVERSITAS PENDIDIKAN INDONESIA,3341201,PENDIDIKAN ILMU PENGETAHUAN ALAM,596.48,22.49,582.5,677.86
494,UNIVERSITAS NEGERI MALANG,3731145,BIOLOGI,597.97,15.94,582.4,643.74
495,UNIVERSITAS SRIWIJAYA,1711284,TEKNIK INFORMATIKA,607.65,23.66,582.37,670.07
496,UNIVERSITAS ANDALAS,1411114,SISTEM KOMPUTER,598.45,16.02,582.23,653.16
497,UNIVERSITAS NEGERI SEMARANG,3561142,PENDIDIKAN IPA,594.6,13.04,582.14,630.12
498,UNIVERSITAS NEGERI MALANG,3731184,ILMU KESEHATAN MASYARAKAT,598.79,17.46,582.05,687.01
499,UNIVERSITAS SRIWIJAYA,1711342,PSIKOLOGI,612.53,16.76,581.97,647.92
500,UNIVERSITAS BRAWIJAYA,3721263,AGROEKOTEKNOLOGI,597.59,13.54,581.92,655.66